{"cameraMode":{"drawMode":0,"name":"Shaded","section":"Shading Mode"},"sceneLighting":true,"audioPlay":false,"sceneViewState":{"showFog":true,"showMaterialUpdate":false,"showSkybox":true,"showFlares":true,"showImageEffects":true,"showParticleSystems":true},"in2DMode":false,"pivot":{"x":-14.182531356811524,"y":1.8406838178634644,"z":-14.640936851501465},"rotation":{"x":-0.03548556566238403,"y":0.9429834485054016,"z":-0.10683120042085648,"w":-0.31322696805000307},"size":39.075992584228519,"orthographic":false}