{"cameraMode":{"drawMode":0,"name":"Shaded","section":"Shading Mode"},"sceneLighting":false,"audioPlay":false,"sceneViewState":{"showFog":true,"showMaterialUpdate":false,"showSkybox":false,"showFlares":true,"showImageEffects":true,"showParticleSystems":true},"in2DMode":false,"pivot":{"x":0.0,"y":0.17599987983703614,"z":1.405009388923645},"rotation":{"x":-0.21134105324745179,"y":0.4365251660346985,"z":-0.10627562552690506,"w":-0.8680841326713562},"size":17.147302627563478,"orthographic":false}